loc/teste_fsa-8d10515.jpg	fsa.8d10515	http://www.loc.gov/item/2017840413/	1942-01-01	['Vachon, John, 1914-1975, photographer']	Phillips refinery. Borger, Texas. Change of shift	Library of Congress, Prints & Photographs Division (dominio publico, sem restricoes conhecidas)
loc/pai_matpc-18885.jpg	matpc.18885	http://www.loc.gov/item/2019709655/	1938-01-01	['American Colony (Jerusalem). Photo Department, photographer']	Wedding of Miss Olwen Wainright. The bride Miss Wainright entering the church compound escorted by her father Major W.F. Wainright	Library of Congress, Prints & Photographs Division (dominio publico, sem restricoes conhecidas)
loc/pre_fsac-1a35306.jpg	fsac.1a35306	http://www.loc.gov/item/2017878512/	1939-01-01	['Palmer, Alfred T., photographer']	An employee in the drill-press section of North American's huge machine shop runs mounting holes in a large dural casting, Inglewood, Calif. This plant produces the battle-tested B-25 ("Billy Mitchell") bomber, used in General Doolittle's raid on Tokyo, and the P-51 ("Mustang") fighter plane which was first brought into prominence by the British raid on Dieppe	Library of Congress, Prints & Photographs Division (dominio publico, sem restricoes conhecidas)
loc/pre_fsac-1a34951.jpg	fsac.1a34951	http://www.loc.gov/item/2017878313/	1939-01-01	['Hollem, Howard R., photographer']	Lathe operator machining parts for transport planes at the Consolidated Aircraft Corporation plant, Fort Worth, Texas	Library of Congress, Prints & Photographs Division (dominio publico, sem restricoes conhecidas)
loc/pre_fsac-1a35308.jpg	fsac.1a35308	http://www.loc.gov/item/2017878514/	1939-01-01	['Palmer, Alfred T., photographer']	In North American's modern machine shop, another aircraft part is finished on a huge turret lathe, N[orth] A[merican] Aviation, Inc., Inglewood, Calif.	Library of Congress, Prints & Photographs Division (dominio publico, sem restricoes conhecidas)
loc/pre_fsac-1a34938.jpg	fsac.1a34938	http://www.loc.gov/item/2017878300/	1939-01-01	['Hollem, Howard R., photographer']	Beulah Faith, 20, used to be sales clerk in department store, reaming tools for transport on lathe machine, Consolidated Aircraft Corp., Fort Worth, Texas	Library of Congress, Prints & Photographs Division (dominio publico, sem restricoes conhecidas)
loc/treino_fsa-8c28613.jpg	fsa.8c28613	http://www.loc.gov/item/2017826100/	1942-01-01	['Siegel, Arthur S., photographer']	Detroit, Michigan. Youths listening to speakers at the salvage committee meeting	Library of Congress, Prints & Photographs Division (dominio publico, sem restricoes conhecidas)
loc/treino_fsa-8c28602.jpg	fsa.8c28602	http://www.loc.gov/item/2017826089/	1942-01-01	['Siegel, Arthur S., photographer']	Detroit, Michigan. Youths listening to speakers at a salvage committe meeting	Library of Congress, Prints & Photographs Division (dominio publico, sem restricoes conhecidas)
loc/casa_fsa-8c04489.jpg	fsa.8c04489	http://www.loc.gov/item/2017793404/	1940-01-01	['Delano, Jack, 1914-1997, photographer']	Going home from work at the steel mill in Midland, Pennsylvania	Library of Congress, Prints & Photographs Division (dominio publico, sem restricoes conhecidas)
loc/casa_fsa-8a38936.jpg	fsa.8a38936	http://www.loc.gov/item/2017752651/	1938-01-01	['Wolcott, Marion Post, 1910-1990, photographer']	Coal miners going home from work. Omar, West Virginia	Library of Congress, Prints & Photographs Division (dominio publico, sem restricoes conhecidas)
loc/casa_fsa-8c02378.jpg	fsa.8c02378	http://www.loc.gov/item/2017790738/	1938-01-01	['Dick, Sheldon, photographer']	Shenandoah, Pennsylvania. Joe Gladski and his wife having supper	Library of Congress, Prints & Photographs Division (dominio publico, sem restricoes conhecidas)
loc/casa_fsa-8b22682.jpg	fsa.8b22682	http://www.loc.gov/item/2017784118/	1939-01-01	['Lee, Russell, 1903-1986, photographer']	Children of unemployed oil worker eating supper. Seminole, Oklahoma	Library of Congress, Prints & Photographs Division (dominio publico, sem restricoes conhecidas)
loc/fam_fsa-8b20145.jpg	fsa.8b20145	http://www.loc.gov/item/2017780989/	1937	Lee, Russell	Family of Walter Meyers [i.e. Myhra], farmer	Library of Congress, Prints & Photographs Division, FSA/OWI (dominio publico)
loc/dir_fsa-8d25355.jpg	fsa.8d25355	http://www.loc.gov/item/2017844854/	1941	Siegel, Arthur S.	Detroit, Michigan. Executive at the Crowley-Milner department store	Library of Congress, Prints & Photographs Division, FSA/OWI (dominio publico)
